timestamp	old_score	new_score	delta	status	description
2026-03-14T03:38:04Z	0.626534	0.669160	+0.042626	keep	mutate [38] FUNC_RATIONALâ†’FUNC_EXP, proveâ†’model/apply
2026-03-14T04:12:41Z	0.669160	0.675018	+0.005858	keep	mutate [39] FUNC_RATIONALâ†’FUNC_MODULUS, proveâ†’multi-step synthesis
2026-03-14T05:27:55Z	0.675018	0.680971	+0.005953	keep	mutate [13] FUNC_RATIONALâ†’FUNC_EXP, proveâ†’model/apply
2026-03-14T06:09:16Z	0.680971	0.685739	+0.004768	keep	mutate [22] FUNC_RATIONALâ†’FUNC_MODULUS, proveâ†’multi-step synthesis
2026-03-14T07:07:17Z	0.685739	0.691435	+0.005696	keep	mutate [9] FUNC_POLYNOMIALâ†’FUNC_SUM_PRODUCT_ROOTS, proveâ†’show that
2026-03-14T07:09:17Z	0.286348	0.410208	+0.123860	keep	mutate [6] skill:FUNC_GRAPH_SKETCHâ†’FUNC_LOG; arch:proveâ†’reverse_engineering; style:Noneâ†’pure_abstract; mechs:[cross_topic_synthesis,hidden_structure,hence_chains]
2026-03-14T07:56:28Z	0.410208	0.504243	+0.094035	keep	mutate [34] skill:FUNC_DOMAINâ†’FUNC_QUADRATIC; arch:proveâ†’constraint_optimization_chain; style:Noneâ†’modelling; mechs:[constraint_reasoning,proof_unfamiliar_context]
2026-03-14T08:33:25Z	0.504243	0.560757	+0.056514	keep	mutate [8] skill:FUNC_GRAPH_SKETCHâ†’FUNC_COMPOSITE; arch:proveâ†’generalization_from_special_case; style:Noneâ†’applied_real_world; mechs:[cross_topic_synthesis,hidden_structure]
2026-03-14T09:04:28Z	0.560757	0.608042	+0.047285	keep	mutate [17] skill:FUNC_RATIONALâ†’FUNC_SUM_PRODUCT_ROOTS; arch:proveâ†’representation_bridge; style:Noneâ†’modelling; mechs:[cross_topic_synthesis,hence_chains]
2026-03-14T09:48:14Z	0.608042	0.652403	+0.044361	keep	mutate [29] skill:FUNC_DOMAINâ†’FUNC_MODULUS; arch:proveâ†’proof_by_contradiction_via_construction; style:Noneâ†’modelling; mechs:[constraint_reasoning,proof_unfamiliar_context]
2026-03-14T10:03:30Z	0.652403	0.690038	+0.037635	keep	mutate [1] skill:FUNC_POLYNOMIALâ†’FUNC_LOG; arch:find/solveâ†’spatial_coordinate_bridge; style:Noneâ†’applied_real_world; mechs:[hidden_structure,constraint_reasoning,hence_chains]
2026-03-14T10:46:25Z	0.690038	0.705511	+0.015473	keep	mutate [19] skill:FUNC_RATIONALâ†’FUNC_EXP; arch:proveâ†’proof_by_contradiction_via_construction; style:Noneâ†’applied_real_world; mechs:[proof_unfamiliar_context,constraint_reasoning]
2026-03-14T11:03:52Z	0.705511	0.709648	+0.004137	keep	mutate [14] skill:FUNC_GRAPH_SKETCHâ†’FUNC_SUM_PRODUCT_ROOTS; arch:find/solveâ†’representation_bridge; style:Noneâ†’modelling; mechs:[cross_topic_synthesis,hidden_structure,hence_chains]
2026-03-14T11:36:30Z	0.709648	0.713604	+0.003956	keep	mutate [26] skill:FUNC_DOMAINâ†’FUNC_QUADRATIC; arch:proveâ†’constraint_optimization_chain; style:Noneâ†’applied_real_world; mechs:[constraint_reasoning,proof_unfamiliar_context,hence_chains]
2026-03-14T11:54:43Z	0.713604	0.718711	+0.005107	keep	mutate [30] skill:FUNC_POLYNOMIALâ†’FUNC_COMPOSITE; arch:find/solveâ†’reverse_engineering; style:Noneâ†’modelling; mechs:[cross_topic_synthesis,hidden_structure,hence_chains]
2026-03-14T12:45:31Z	0.718711	0.726070	+0.007359	keep	mutate [3] skill:FUNC_TRANSFORMâ†’FUNC_EXP; arch:proveâ†’generalization_from_special_case; style:Noneâ†’applied_real_world; mechs:[hidden_structure,hence_chains,proof_unfamiliar_context]
2026-03-14T13:36:22Z	0.726070	0.735111	+0.009041	keep	mutate [7] skill:FUNC_GRAPH_SKETCHâ†’FUNC_MODULUS; arch:find/solveâ†’spatial_coordinate_bridge; style:Noneâ†’applied_real_world; mechs:[cross_topic_synthesis,constraint_reasoning]
2026-03-14T14:04:49Z	0.735111	0.741376	+0.006265	keep	mutate [0] skill:FUNC_RATIONALâ†’FUNC_LOG; arch:proveâ†’reverse_engineering; style:Noneâ†’modelling; mechs:[hidden_structure,proof_unfamiliar_context,constraint_reasoning]
2026-03-14T14:46:31Z	0.741376	0.746487	+0.005111	keep	mutate [32] skill:FUNC_DOMAINâ†’FUNC_INVERSE; arch:find/solveâ†’representation_bridge; style:Noneâ†’modelling; mechs:[cross_topic_synthesis,hidden_structure,multi_representation]
2026-03-14T15:04:07Z	0.746487	0.745909	-0.000578	discard	mutate [40] skill:FUNC_INVERSEâ†’FUNC_QUADRATIC; arch:proveâ†’constraint_optimization_chain; style:Noneâ†’applied_real_world; mechs:[constraint_reasoning,cross_topic_synthesis,proof_unfamiliar_context]
2026-03-14T15:39:58Z	0.000000	0.000000	+0.000000	crash	error: Missing required field: question
2026-03-14T15:58:05Z	0.746487	0.744393	-0.002094	discard	mutate [40] skill:FUNC_INVERSEâ†’FUNC_LOG; arch:proveâ†’proof_by_contradiction_via_construction; style:Noneâ†’applied_real_world; mechs:[proof_unfamiliar_context,constraint_reasoning]
2026-03-14T16:36:23Z	0.746487	0.747769	+0.001282	keep	mutate [40] skill:FUNC_INVERSEâ†’FUNC_MODULUS; arch:proveâ†’spatial_coordinate_bridge; style:Noneâ†’applied_real_world; mechs:[cross_topic_synthesis,proof_unfamiliar_context,constraint_reasoning]
2026-03-14T17:01:55Z	0.747769	0.746782	-0.000987	discard	mutate [33] skill:FUNC_POLYNOMIALâ†’FUNC_COMPOSITE; arch:proveâ†’generalization_from_special_case; style:Noneâ†’modelling; mechs:[proof_unfamiliar_context,hence_chains]
2026-03-14T17:38:17Z	0.747769	0.748039	+0.000270	keep	mutate [33] skill:FUNC_POLYNOMIALâ†’FUNC_COMPOSITE; arch:proveâ†’generalization_from_special_case; style:Noneâ†’modelling; mechs:[hidden_structure,hence_chains,proof_unfamiliar_context]
2026-03-14T17:58:16Z	0.748039	0.750770	+0.002731	keep	mutate [35] skill:FUNC_COMPOSITEâ†’FUNC_QUADRATIC; arch:proveâ†’constraint_optimization_chain; style:Noneâ†’applied_real_world; mechs:[constraint_reasoning,hence_chains,cross_topic_synthesis]
2026-03-14T18:43:18Z	0.750770	0.756936	+0.006166	keep	mutate [36] skill:FUNC_QUADRATICâ†’FUNC_COMPOSITE; arch:find/solveâ†’proof_by_contradiction_via_construction; style:Noneâ†’modelling; mechs:[proof_unfamiliar_context,constraint_reasoning,hence_chains]
2026-03-14T19:18:02Z	0.756936	0.756059	-0.000877	discard	mutate [12] skill:FUNC_GRAPH_SKETCHâ†’FUNC_TRANSFORM; arch:find/solveâ†’spatial_coordinate_bridge; style:Noneâ†’applied_real_world; mechs:[cross_topic_synthesis,hidden_structure]
2026-03-14T19:45:09Z	0.756936	0.757439	+0.000503	keep	mutate [12] skill:FUNC_GRAPH_SKETCHâ†’FUNC_TRANSFORM; arch:find/solveâ†’spatial_coordinate_bridge; style:Noneâ†’applied_real_world; mechs:[cross_topic_synthesis,hidden_structure,hence_chains]
2026-03-14T20:01:25Z	0.757439	0.759955	+0.002516	keep	mutate [15] skill:FUNC_TRANSFORMâ†’FUNC_GRAPH_SKETCH; arch:find/solveâ†’representation_bridge; style:Noneâ†’modelling; mechs:[multi_representation,hidden_structure,proof_unfamiliar_context]
2026-03-14T20:40:41Z	0.759955	0.762268	+0.002313	keep	mutate [31] skill:FUNC_COMPOSITEâ†’FUNC_QUADRATIC; arch:find/solveâ†’constraint_optimization_chain; style:Noneâ†’applied_real_world; mechs:[cross_topic_synthesis,constraint_reasoning,hence_chains]
2026-03-14T21:01:34Z	0.762268	0.765225	+0.002957	keep	mutate [18] arch:proveâ†’reverse_engineering; style:Noneâ†’modelling; mechs:[cross_topic_synthesis,hidden_structure,constraint_reasoning]
2026-03-14T21:36:32Z	0.765225	0.767223	+0.001998	keep	mutate [21] skill:FUNC_QUADRATICâ†’FUNC_COMPOSITE; arch:find/solveâ†’proof_by_contradiction_via_construction; style:Noneâ†’applied_real_world; mechs:[proof_unfamiliar_context,constraint_reasoning]
2026-03-14T21:55:28Z	0.767223	0.775733	+0.008510	keep	mutate [23] skill:FUNC_GRAPH_SKETCHâ†’FUNC_COMPOSITE; arch:proveâ†’generalization_from_special_case; style:Noneâ†’modelling; mechs:[hidden_structure,hence_chains,proof_unfamiliar_context]
2026-03-14T22:24:23Z	0.775733	0.778940	+0.003207	keep	mutate [27] skill:FUNC_LOGâ†’FUNC_GRAPH_SKETCH; arch:proveâ†’representation_bridge; style:Noneâ†’applied_real_world; mechs:[cross_topic_synthesis,multi_representation,hidden_structure]
2026-03-14T22:53:40Z	0.778940	0.780309	+0.001369	keep	mutate [5] skill:FUNC_RATIONALâ†’FUNC_LOG; arch:proveâ†’reverse_engineering; style:Noneâ†’modelling; mechs:[hidden_structure,constraint_reasoning,hence_chains]
2026-03-14T23:28:46Z	0.780309	0.779041	-0.001268	discard	mutate [44] skill:FUNC_DOMAINâ†’FUNC_RATIONAL; arch:find/solveâ†’constraint_optimization_chain; style:Noneâ†’applied_real_world; mechs:[constraint_reasoning,hence_chains,cross_topic_synthesis]
2026-03-14T23:52:37Z	0.780309	0.779223	-0.001086	discard	mutate [44] skill:FUNC_DOMAINâ†’FUNC_RATIONAL; arch:find/solveâ†’proof_by_contradiction_via_construction; style:Noneâ†’applied_real_world; mechs:[proof_unfamiliar_context,constraint_reasoning]
2026-03-15T02:08:40Z	0.780309	0.779351	-0.000958	discard	mutate [44] skill:FUNC_DOMAINâ†’FUNC_RATIONAL; arch:find/solveâ†’proof_by_contradiction_via_construction; style:Noneâ†’applied_real_world; mechs:[hidden_structure,proof_unfamiliar_context,constraint_reasoning]
2026-03-15T04:41:11Z	0.780309	0.779972	-0.000337	discard	mutate [44] skill:FUNC_DOMAINâ†’FUNC_RATIONAL; arch:find/solveâ†’proof_by_contradiction_via_construction; style:Noneâ†’applied_real_world; mechs:[proof_unfamiliar_context,constraint_reasoning]
2026-03-15T05:55:51Z	0.780309	0.779432	-0.000877	discard	mutate [44] skill:FUNC_DOMAINâ†’FUNC_RATIONAL; arch:find/solveâ†’proof_by_contradiction_via_construction; style:Noneâ†’applied_real_world; mechs:[constraint_reasoning,hence_chains,proof_unfamiliar_context]
2026-03-15T06:54:56Z	0.780309	0.779069	-0.001240	discard	mutate [44] skill:FUNC_DOMAINâ†’FUNC_RATIONAL; arch:find/solveâ†’proof_by_contradiction_via_construction; style:Noneâ†’applied_real_world; mechs:[constraint_reasoning,proof_unfamiliar_context,hence_chains]
2026-03-15T07:44:41Z	0.780309	0.785767	+0.005458	keep	mutate [44] skill:FUNC_DOMAINâ†’FUNC_RATIONAL; arch:find/solveâ†’constraint_optimization_chain; style:Noneâ†’applied_real_world; mechs:[constraint_reasoning,cross_topic_synthesis,proof_unfamiliar_context]
2026-03-15T08:22:33Z	0.785767	0.786817	+0.001050	keep	mutate [16] skill:FUNC_GRAPH_SKETCHâ†’FUNC_DOMAIN; arch:find/solveâ†’proof_by_contradiction_via_construction; style:Noneâ†’modelling; mechs:[proof_unfamiliar_context,constraint_reasoning,hence_chains,cross_topic_synthesis]
2026-03-15T09:02:08Z	0.786817	0.789111	+0.002294	keep	mutate [28] skill:FUNC_TRANSFORMâ†’FUNC_GRAPH_SKETCH; arch:proveâ†’spatial_coordinate_bridge; style:Noneâ†’applied_real_world; mechs:[multi_representation,cross_topic_synthesis,hence_chains]
2026-03-15T09:49:40Z	0.789111	0.792098	+0.002987	keep	mutate [24] skill:FUNC_RATIONALâ†’FUNC_TRANSFORM; arch:find/solveâ†’generalization_from_special_case; style:Noneâ†’modelling; mechs:[hidden_structure,proof_unfamiliar_context]
2026-03-15T10:16:39Z	0.792098	0.791035	-0.001063	discard	mutate [37] skill:FUNC_DOMAINâ†’FUNC_RATIONAL; arch:proveâ†’proof_by_contradiction_via_construction; style:Noneâ†’modelling; mechs:[hidden_structure,constraint_reasoning,proof_unfamiliar_context]
2026-03-15T10:53:36Z	0.792098	0.791473	-0.000625	discard	mutate [37] skill:FUNC_DOMAINâ†’FUNC_RATIONAL; arch:proveâ†’constraint_optimization_chain; style:Noneâ†’applied_real_world; mechs:[constraint_reasoning,cross_topic_synthesis,hidden_structure]
2026-03-15T11:26:10Z	0.792098	0.791334	-0.000764	discard	mutate [37] skill:FUNC_DOMAINâ†’FUNC_RATIONAL; arch:proveâ†’constraint_optimization_chain; style:Noneâ†’applied_real_world; mechs:[constraint_reasoning,proof_unfamiliar_context,cross_topic_synthesis]
2026-03-15T11:49:35Z	0.792098	0.791830	-0.000268	discard	mutate [37] skill:FUNC_DOMAINâ†’FUNC_RATIONAL; arch:proveâ†’reverse_engineering; style:Noneâ†’applied_real_world; mechs:[proof_unfamiliar_context,hidden_structure,constraint_reasoning]
2026-03-15T12:02:54Z	0.792098	0.791329	-0.000769	discard	mutate [37] skill:FUNC_DOMAINâ†’FUNC_RATIONAL; arch:proveâ†’proof_by_contradiction_via_construction; style:Noneâ†’applied_real_world; mechs:[constraint_reasoning,proof_unfamiliar_context]
2026-03-15T13:17:02Z	0.792098	0.791302	-0.000796	discard	mutate [37] skill:FUNC_DOMAINâ†’FUNC_RATIONAL; arch:proveâ†’representation_bridge; style:Noneâ†’applied_real_world; mechs:[hidden_structure,proof_unfamiliar_context,multi_representation,constraint_reasoning]
2026-03-15T13:59:03Z	0.792098	0.790546	-0.001552	discard	mutate [37] skill:FUNC_DOMAINâ†’FUNC_RATIONAL; arch:proveâ†’reverse_engineering; style:Noneâ†’applied_real_world; mechs:[hidden_structure,proof_unfamiliar_context,constraint_reasoning]
2026-03-15T14:37:14Z	0.000000	0.000000	+0.000000	crash	error: Missing required field: question
2026-03-15T15:01:15Z	0.792098	0.791931	-0.000167	discard	mutate [37] skill:FUNC_DOMAINâ†’FUNC_RATIONAL; arch:proveâ†’reverse_engineering; style:Noneâ†’applied_real_world; mechs:[hidden_structure,proof_unfamiliar_context,constraint_reasoning,cross_topic_synthesis]
2026-03-15T15:39:10Z	0.792098	0.792104	+0.000006	keep	mutate [37] skill:FUNC_DOMAINâ†’FUNC_RATIONAL; arch:proveâ†’proof_by_contradiction_via_construction; style:Noneâ†’applied_real_world; mechs:[hidden_structure,constraint_reasoning,proof_unfamiliar_context]
2026-03-15T15:59:57Z	0.792104	0.794918	+0.002814	keep	mutate [21] skill:FUNC_COMPOSITEâ†’FUNC_DOMAIN; arch:proof_by_contradiction_via_constructionâ†’spatial_coordinate_bridge; mechs:[cross_topic_synthesis,hence_chains,multi_representation]
2026-03-15T16:40:24Z	0.794918	0.794296	-0.000622	discard	mutate [10] skill:FUNC_SUM_PRODUCT_ROOTSâ†’FUNC_TRANSFORM; arch:find/solveâ†’reverse_engineering; style:Noneâ†’modelling; mechs:[cross_topic_synthesis,hidden_structure]
2026-03-15T17:03:45Z	0.794918	0.794208	-0.000710	discard	mutate [10] skill:FUNC_SUM_PRODUCT_ROOTSâ†’FUNC_INVERSE; arch:find/solveâ†’proof_by_contradiction_via_construction; style:Noneâ†’modelling; mechs:[proof_unfamiliar_context,constraint_reasoning,hidden_structure]
2026-03-15T17:44:01Z	0.794918	0.793525	-0.001393	discard	mutate [10] skill:FUNC_SUM_PRODUCT_ROOTSâ†’FUNC_TRANSFORM; arch:find/solveâ†’representation_bridge; style:Noneâ†’applied_real_world; mechs:[hidden_structure,multi_representation,proof_unfamiliar_context]
2026-03-15T18:04:03Z	0.794918	0.793502	-0.001416	discard	mutate [10] skill:FUNC_SUM_PRODUCT_ROOTSâ†’FUNC_TRANSFORM; arch:find/solveâ†’proof_by_contradiction_via_construction; style:Noneâ†’modelling; mechs:[proof_unfamiliar_context,cross_topic_synthesis,hence_chains]
2026-03-15T18:59:05Z	0.794918	0.792926	-0.001992	discard	mutate [10] skill:FUNC_SUM_PRODUCT_ROOTSâ†’FUNC_RATIONAL; arch:find/solveâ†’proof_by_contradiction_via_construction; style:Noneâ†’modelling; mechs:[constraint_reasoning,proof_unfamiliar_context]
2026-03-15T19:32:35Z	0.794918	0.793570	-0.001348	discard	mutate [10] skill:FUNC_SUM_PRODUCT_ROOTSâ†’FUNC_TRANSFORM; arch:find/solveâ†’representation_bridge; style:Noneâ†’modelling; mechs:[proof_unfamiliar_context,multi_representation,hidden_structure,hence_chains]
2026-03-15T19:55:05Z	0.794918	0.792220	-0.002698	discard	mutate [10] skill:FUNC_SUM_PRODUCT_ROOTSâ†’FUNC_RATIONAL; arch:find/solveâ†’proof_by_contradiction_via_construction; style:Noneâ†’modelling; mechs:[constraint_reasoning,proof_unfamiliar_context]
2026-03-15T20:27:44Z	0.794918	0.793193	-0.001725	discard	mutate [10] skill:FUNC_SUM_PRODUCT_ROOTSâ†’FUNC_RATIONAL; arch:find/solveâ†’representation_bridge; style:Noneâ†’modelling; mechs:[multi_representation,hidden_structure]
2026-03-15T20:56:04Z	0.794918	0.793376	-0.001542	discard	mutate [10] skill:FUNC_SUM_PRODUCT_ROOTSâ†’FUNC_QUADRATIC; arch:find/solveâ†’constraint_optimization_chain; style:Noneâ†’modelling; mechs:[constraint_reasoning,hence_chains,cross_topic_synthesis]
2026-03-15T21:27:41Z	0.794918	0.792591	-0.002327	discard	mutate [10] skill:FUNC_SUM_PRODUCT_ROOTSâ†’FUNC_COMPOSITE; arch:find/solveâ†’proof_by_contradiction_via_construction; style:Noneâ†’modelling; mechs:[hidden_structure,hence_chains,proof_unfamiliar_context]
2026-03-15T21:52:34Z	0.794918	0.794094	-0.000824	discard	mutate [10] skill:FUNC_SUM_PRODUCT_ROOTSâ†’FUNC_DOMAIN; arch:find/solveâ†’proof_by_contradiction_via_construction; style:Noneâ†’modelling; mechs:[proof_unfamiliar_context,constraint_reasoning,hidden_structure]
2026-03-15T22:27:20Z	0.794918	0.792755	-0.002163	discard	mutate [10] skill:FUNC_SUM_PRODUCT_ROOTSâ†’FUNC_QUADRATIC; arch:find/solveâ†’constraint_optimization_chain; style:Noneâ†’modelling; mechs:[constraint_reasoning,hence_chains,cross_topic_synthesis]
2026-03-15T22:56:33Z	0.794918	0.794214	-0.000704	discard	mutate [10] skill:FUNC_SUM_PRODUCT_ROOTSâ†’FUNC_INVERSE; arch:find/solveâ†’proof_by_contradiction_via_construction; style:Noneâ†’modelling; mechs:[proof_unfamiliar_context,hidden_structure,hence_chains]
2026-03-15T23:29:10Z	0.794918	0.792910	-0.002008	discard	mutate [10] skill:FUNC_SUM_PRODUCT_ROOTSâ†’FUNC_RATIONAL; arch:find/solveâ†’proof_by_contradiction_via_construction; style:Noneâ†’modelling; mechs:[cross_topic_synthesis,proof_unfamiliar_context,constraint_reasoning]
2026-03-15T23:54:57Z	0.794918	0.794722	-0.000196	discard	mutate [10] arch:find/solveâ†’representation_bridge; style:Noneâ†’modelling; mechs:[hidden_structure,proof_unfamiliar_context,constraint_reasoning]
2026-03-16T02:10:32Z	0.794918	0.792971	-0.001947	discard	mutate [10] skill:FUNC_SUM_PRODUCT_ROOTSâ†’FUNC_RATIONAL; arch:find/solveâ†’proof_by_contradiction_via_construction; style:Noneâ†’modelling; mechs:[hidden_structure,proof_unfamiliar_context]
2026-03-16T04:49:26Z	0.794918	0.799685	+0.004767	keep	mutate [10] skill:FUNC_SUM_PRODUCT_ROOTSâ†’FUNC_RATIONAL; arch:find/solveâ†’representation_bridge; style:Noneâ†’modelling; mechs:[multi_representation,hidden_structure,cross_topic_synthesis]
2026-03-16T06:12:19Z	0.799685	0.796409	-0.003276	discard	mutate [10] skill:FUNC_RATIONALâ†’FUNC_SUM_PRODUCT_ROOTS; arch:representation_bridgeâ†’proof_by_contradiction_via_construction; style:modellingâ†’applied_real_world; mechs:[proof_unfamiliar_context,constraint_reasoning,hidden_structure]
2026-03-16T07:52:37Z	0.799685	0.796575	-0.003110	discard	mutate [10] skill:FUNC_RATIONALâ†’FUNC_SUM_PRODUCT_ROOTS; arch:representation_bridgeâ†’reverse_engineering; style:modellingâ†’applied_real_world; mechs:[cross_topic_synthesis,hidden_structure,constraint_reasoning]
2026-03-16T08:43:26Z	0.799685	0.796362	-0.003323	discard	mutate [10] skill:FUNC_RATIONALâ†’FUNC_SUM_PRODUCT_ROOTS; arch:representation_bridgeâ†’reverse_engineering; style:modellingâ†’applied_real_world; mechs:[hidden_structure,proof_unfamiliar_context,constraint_reasoning]
2026-03-16T09:49:33Z	0.799685	0.795429	-0.004256	discard	mutate [10] skill:FUNC_RATIONALâ†’FUNC_SUM_PRODUCT_ROOTS; arch:representation_bridgeâ†’constraint_optimization_chain; style:modellingâ†’applied_real_world; mechs:[constraint_reasoning,cross_topic_synthesis,proof_unfamiliar_context]
2026-03-16T10:42:06Z	0.799685	0.795273	-0.004412	discard	mutate [10] skill:FUNC_RATIONALâ†’FUNC_SUM_PRODUCT_ROOTS; arch:representation_bridgeâ†’proof_by_contradiction_via_construction; style:modellingâ†’applied_real_world; mechs:[proof_unfamiliar_context,constraint_reasoning,cross_topic_synthesis]
2026-03-16T11:36:54Z	0.799685	0.795331	-0.004354	discard	mutate [10] skill:FUNC_RATIONALâ†’FUNC_SUM_PRODUCT_ROOTS; arch:representation_bridgeâ†’reverse_engineering; style:modellingâ†’applied_real_world; mechs:[constraint_reasoning,proof_unfamiliar_context,cross_topic_synthesis]
2026-03-16T12:09:57Z	0.799685	0.796477	-0.003208	discard	mutate [10] skill:FUNC_RATIONALâ†’FUNC_SUM_PRODUCT_ROOTS; arch:representation_bridgeâ†’reverse_engineering; style:modellingâ†’applied_real_world; mechs:[hidden_structure,cross_topic_synthesis,proof_unfamiliar_context,hence_chains]
2026-03-16T13:54:04Z	0.799685	0.796345	-0.003340	discard	mutate [10] skill:FUNC_RATIONALâ†’FUNC_SUM_PRODUCT_ROOTS; arch:representation_bridgeâ†’reverse_engineering; style:modellingâ†’applied_real_world; mechs:[cross_topic_synthesis,proof_unfamiliar_context,constraint_reasoning]
2026-03-16T14:59:15Z	0.799685	0.803027	+0.003342	keep	mutate [10] skill:FUNC_RATIONALâ†’FUNC_SUM_PRODUCT_ROOTS; arch:representation_bridgeâ†’proof_by_contradiction_via_construction; style:modellingâ†’applied_real_world; mechs:[constraint_reasoning,proof_unfamiliar_context,cross_topic_synthesis]
2026-03-16T16:10:08Z	0.803027	0.800675	-0.002352	discard	mutate [7] skill:FUNC_MODULUSâ†’FUNC_RATIONAL; arch:spatial_coordinate_bridgeâ†’representation_bridge; style:applied_real_worldâ†’modelling; mechs:[cross_topic_synthesis,hidden_structure,proof_unfamiliar_context]
2026-03-16T17:18:45Z	0.803027	0.800103	-0.002924	discard	mutate [7] skill:FUNC_MODULUSâ†’FUNC_RATIONAL; arch:spatial_coordinate_bridgeâ†’constraint_optimization_chain; style:applied_real_worldâ†’modelling; mechs:[cross_topic_synthesis,constraint_reasoning,proof_unfamiliar_context]
2026-03-16T18:14:05Z	0.803027	0.800135	-0.002892	discard	mutate [7] skill:FUNC_MODULUSâ†’FUNC_RATIONAL; arch:spatial_coordinate_bridgeâ†’constraint_optimization_chain; style:applied_real_worldâ†’modelling; mechs:[cross_topic_synthesis,constraint_reasoning,hence_chains,proof_unfamiliar_context]
2026-03-16T19:33:35Z	0.803027	0.800214	-0.002813	discard	mutate [7] skill:FUNC_MODULUSâ†’FUNC_RATIONAL; arch:spatial_coordinate_bridgeâ†’constraint_optimization_chain; style:applied_real_worldâ†’modelling; mechs:[constraint_reasoning,proof_unfamiliar_context]
2026-03-16T20:04:46Z	0.803027	0.801879	-0.001148	discard	mutate [7] skill:FUNC_MODULUSâ†’FUNC_TRANSFORM; arch:spatial_coordinate_bridgeâ†’reverse_engineering; style:applied_real_worldâ†’modelling; mechs:[proof_unfamiliar_context,hidden_structure,cross_topic_synthesis]
2026-03-16T20:56:25Z	0.803027	0.800312	-0.002715	discard	mutate [7] skill:FUNC_MODULUSâ†’FUNC_RATIONAL; arch:spatial_coordinate_bridgeâ†’constraint_optimization_chain; style:applied_real_worldâ†’modelling; mechs:[constraint_reasoning,hence_chains,proof_unfamiliar_context]
2026-03-16T21:38:19Z	0.803027	0.801365	-0.001662	discard	mutate [7] skill:FUNC_MODULUSâ†’FUNC_TRANSFORM; arch:spatial_coordinate_bridgeâ†’representation_bridge; style:applied_real_worldâ†’modelling; mechs:[cross_topic_synthesis,proof_unfamiliar_context,hence_chains]
2026-03-16T22:06:44Z	0.803027	0.800655	-0.002372	discard	mutate [7] skill:FUNC_MODULUSâ†’FUNC_QUADRATIC; arch:spatial_coordinate_bridgeâ†’constraint_optimization_chain; style:applied_real_worldâ†’modelling; mechs:[cross_topic_synthesis,constraint_reasoning,hence_chains,proof_unfamiliar_context]
2026-03-16T22:50:24Z	0.803027	0.800247	-0.002780	discard	mutate [7] skill:FUNC_MODULUSâ†’FUNC_RATIONAL; arch:spatial_coordinate_bridgeâ†’constraint_optimization_chain; style:applied_real_worldâ†’modelling; mechs:[cross_topic_synthesis,constraint_reasoning,proof_unfamiliar_context]
2026-03-16T23:19:41Z	0.803027	0.801398	-0.001629	discard	mutate [7] skill:FUNC_MODULUSâ†’FUNC_TRANSFORM; arch:spatial_coordinate_bridgeâ†’reverse_engineering; style:applied_real_worldâ†’modelling; mechs:[cross_topic_synthesis,hidden_structure,proof_unfamiliar_context]
2026-03-16T23:49:07Z	0.803027	0.800282	-0.002745	discard	mutate [7] skill:FUNC_MODULUSâ†’FUNC_RATIONAL; arch:spatial_coordinate_bridgeâ†’constraint_optimization_chain; style:applied_real_worldâ†’modelling; mechs:[constraint_reasoning,cross_topic_synthesis,proof_unfamiliar_context]
2026-03-17T00:04:26Z	0.803027	0.800373	-0.002654	discard	mutate [7] skill:FUNC_MODULUSâ†’FUNC_RATIONAL; arch:spatial_coordinate_bridgeâ†’constraint_optimization_chain; style:applied_real_worldâ†’modelling; mechs:[constraint_reasoning,proof_unfamiliar_context,cross_topic_synthesis]
2026-03-17T02:54:33Z	0.803027	0.800170	-0.002857	discard	mutate [7] skill:FUNC_MODULUSâ†’FUNC_RATIONAL; arch:spatial_coordinate_bridgeâ†’constraint_optimization_chain; style:applied_real_worldâ†’modelling; mechs:[cross_topic_synthesis,constraint_reasoning,hence_chains,proof_unfamiliar_context]
2026-03-17T04:50:57Z	0.803027	0.801342	-0.001685	discard	mutate [7] skill:FUNC_MODULUSâ†’FUNC_RATIONAL; arch:spatial_coordinate_bridgeâ†’constraint_optimization_chain; style:applied_real_worldâ†’modelling; mechs:[cross_topic_synthesis,constraint_reasoning,proof_unfamiliar_context]
2026-03-17T05:49:54Z	0.803027	0.800680	-0.002347	discard	mutate [7] skill:FUNC_MODULUSâ†’FUNC_QUADRATIC; arch:spatial_coordinate_bridgeâ†’constraint_optimization_chain; style:applied_real_worldâ†’modelling; mechs:[constraint_reasoning,hence_chains,cross_topic_synthesis]
2026-03-17T06:47:38Z	0.803027	0.800164	-0.002863	discard	mutate [7] skill:FUNC_MODULUSâ†’FUNC_RATIONAL; arch:spatial_coordinate_bridgeâ†’constraint_optimization_chain; style:applied_real_worldâ†’modelling; mechs:[cross_topic_synthesis,constraint_reasoning,hence_chains,proof_unfamiliar_context]
2026-03-17T07:45:27Z	0.803027	0.802573	-0.000454	discard	mutate [7] skill:FUNC_MODULUSâ†’FUNC_SUM_PRODUCT_ROOTS; arch:spatial_coordinate_bridgeâ†’reverse_engineering; style:applied_real_worldâ†’modelling; mechs:[cross_topic_synthesis,hidden_structure,proof_unfamiliar_context]
2026-03-17T08:36:19Z	0.803027	0.800115	-0.002912	discard	mutate [7] skill:FUNC_MODULUSâ†’FUNC_RATIONAL; arch:spatial_coordinate_bridgeâ†’constraint_optimization_chain; style:applied_real_worldâ†’modelling; mechs:[constraint_reasoning,proof_unfamiliar_context,cross_topic_synthesis,hidden_structure]
2026-03-17T09:36:42Z	0.803027	0.800851	-0.002176	discard	mutate [7] skill:FUNC_MODULUSâ†’FUNC_QUADRATIC; arch:spatial_coordinate_bridgeâ†’constraint_optimization_chain; style:applied_real_worldâ†’modelling; mechs:[constraint_reasoning,proof_unfamiliar_context,hence_chains]
2026-03-17T10:32:42Z	0.803027	0.800037	-0.002990	discard	mutate [7] skill:FUNC_MODULUSâ†’FUNC_RATIONAL; arch:spatial_coordinate_bridgeâ†’constraint_optimization_chain; style:applied_real_worldâ†’modelling; mechs:[cross_topic_synthesis,constraint_reasoning,hence_chains]
2026-03-17T11:28:52Z	0.803027	0.802522	-0.000505	discard	mutate [7] skill:FUNC_MODULUSâ†’FUNC_SUM_PRODUCT_ROOTS; arch:spatial_coordinate_bridgeâ†’reverse_engineering; style:applied_real_worldâ†’modelling; mechs:[cross_topic_synthesis,hidden_structure,proof_unfamiliar_context]
2026-03-17T12:05:16Z	0.803027	0.800157	-0.002870	discard	mutate [7] skill:FUNC_MODULUSâ†’FUNC_RATIONAL; arch:spatial_coordinate_bridgeâ†’constraint_optimization_chain; style:applied_real_worldâ†’modelling; mechs:[cross_topic_synthesis,constraint_reasoning,proof_unfamiliar_context]
2026-03-17T13:49:40Z	0.803027	0.802502	-0.000525	discard	mutate [7] skill:FUNC_MODULUSâ†’FUNC_SUM_PRODUCT_ROOTS; arch:spatial_coordinate_bridgeâ†’representation_bridge; style:applied_real_worldâ†’modelling; mechs:[cross_topic_synthesis,hidden_structure,proof_unfamiliar_context]
2026-03-17T14:47:11Z	0.803027	0.800683	-0.002344	discard	mutate [7] skill:FUNC_MODULUSâ†’FUNC_RATIONAL; arch:spatial_coordinate_bridgeâ†’constraint_optimization_chain; style:applied_real_worldâ†’modelling; mechs:[constraint_reasoning,hence_chains,proof_unfamiliar_context]
2026-03-17T15:49:04Z	0.803027	0.800724	-0.002303	discard	mutate [7] skill:FUNC_MODULUSâ†’FUNC_QUADRATIC; arch:spatial_coordinate_bridgeâ†’constraint_optimization_chain; style:applied_real_worldâ†’modelling; mechs:[constraint_reasoning,proof_unfamiliar_context,hence_chains]
2026-03-17T16:49:41Z	0.803027	0.801275	-0.001752	discard	mutate [7] skill:FUNC_MODULUSâ†’FUNC_QUADRATIC; arch:spatial_coordinate_bridgeâ†’constraint_optimization_chain; style:applied_real_worldâ†’modelling; mechs:[constraint_reasoning,hence_chains,proof_unfamiliar_context]
2026-03-17T17:48:11Z	0.803027	0.800253	-0.002774	discard	mutate [7] skill:FUNC_MODULUSâ†’FUNC_RATIONAL; arch:spatial_coordinate_bridgeâ†’constraint_optimization_chain; style:applied_real_worldâ†’modelling; mechs:[constraint_reasoning,cross_topic_synthesis,proof_unfamiliar_context]
2026-03-17T18:41:41Z	0.803027	0.800339	-0.002688	discard	mutate [7] skill:FUNC_MODULUSâ†’FUNC_RATIONAL; arch:spatial_coordinate_bridgeâ†’constraint_optimization_chain; style:applied_real_worldâ†’modelling; mechs:[constraint_reasoning,proof_unfamiliar_context,cross_topic_synthesis]
2026-03-17T19:43:17Z	0.803027	0.802421	-0.000606	discard	mutate [7] skill:FUNC_MODULUSâ†’FUNC_SUM_PRODUCT_ROOTS; arch:spatial_coordinate_bridgeâ†’reverse_engineering; style:applied_real_worldâ†’modelling; mechs:[hidden_structure,proof_unfamiliar_context]
2026-03-17T20:24:51Z	0.803027	0.800565	-0.002462	discard	mutate [7] skill:FUNC_MODULUSâ†’FUNC_RATIONAL; arch:spatial_coordinate_bridgeâ†’constraint_optimization_chain; style:applied_real_worldâ†’modelling; mechs:[cross_topic_synthesis,constraint_reasoning,proof_unfamiliar_context]
2026-03-17T21:05:46Z	0.803027	0.800088	-0.002939	discard	mutate [7] skill:FUNC_MODULUSâ†’FUNC_RATIONAL; arch:spatial_coordinate_bridgeâ†’representation_bridge; style:applied_real_worldâ†’modelling; mechs:[multi_representation,hidden_structure,proof_unfamiliar_context]
2026-03-17T21:53:29Z	0.803027	0.800649	-0.002378	discard	mutate [7] skill:FUNC_MODULUSâ†’FUNC_QUADRATIC; arch:spatial_coordinate_bridgeâ†’constraint_optimization_chain; style:applied_real_worldâ†’modelling; mechs:[constraint_reasoning,proof_unfamiliar_context,hence_chains,cross_topic_synthesis]
2026-03-17T22:32:31Z	0.803027	0.800687	-0.002340	discard	mutate [7] skill:FUNC_MODULUSâ†’FUNC_QUADRATIC; arch:spatial_coordinate_bridgeâ†’constraint_optimization_chain; style:applied_real_worldâ†’modelling; mechs:[cross_topic_synthesis,constraint_reasoning,hence_chains,proof_unfamiliar_context]
2026-03-17T23:05:52Z	0.803027	0.801700	-0.001327	discard	mutate [7] skill:FUNC_MODULUSâ†’FUNC_TRANSFORM; arch:spatial_coordinate_bridgeâ†’reverse_engineering; style:applied_real_worldâ†’modelling; mechs:[cross_topic_synthesis,hidden_structure,proof_unfamiliar_context]
2026-03-17T23:46:36Z	0.803027	0.801462	-0.001565	discard	mutate [7] skill:FUNC_MODULUSâ†’FUNC_QUADRATIC; arch:spatial_coordinate_bridgeâ†’constraint_optimization_chain; style:applied_real_worldâ†’modelling; mechs:[constraint_reasoning,proof_unfamiliar_context,cross_topic_synthesis]
2026-03-18T00:59:19Z	0.803027	0.800588	-0.002439	discard	mutate [7] skill:FUNC_MODULUSâ†’FUNC_RATIONAL; arch:spatial_coordinate_bridgeâ†’constraint_optimization_chain; style:applied_real_worldâ†’modelling; mechs:[cross_topic_synthesis,proof_unfamiliar_context,constraint_reasoning]
2026-03-18T03:44:07Z	0.803027	0.800165	-0.002862	discard	mutate [7] skill:FUNC_MODULUSâ†’FUNC_QUADRATIC; arch:spatial_coordinate_bridgeâ†’constraint_optimization_chain; style:applied_real_worldâ†’modelling; mechs:[constraint_reasoning,proof_unfamiliar_context,cross_topic_synthesis]
2026-03-18T05:20:10Z	0.803027	0.802558	-0.000469	discard	mutate [7] skill:FUNC_MODULUSâ†’FUNC_SUM_PRODUCT_ROOTS; arch:spatial_coordinate_bridgeâ†’reverse_engineering; style:applied_real_worldâ†’modelling; mechs:[cross_topic_synthesis,hidden_structure,proof_unfamiliar_context]
2026-03-18T06:36:51Z	0.803027	0.801308	-0.001719	discard	mutate [7] skill:FUNC_MODULUSâ†’FUNC_TRANSFORM; arch:spatial_coordinate_bridgeâ†’reverse_engineering; style:applied_real_worldâ†’modelling; mechs:[cross_topic_synthesis,hidden_structure,proof_unfamiliar_context]
2026-03-18T07:39:23Z	0.803027	0.801661	-0.001366	discard	mutate [7] skill:FUNC_MODULUSâ†’FUNC_TRANSFORM; arch:spatial_coordinate_bridgeâ†’reverse_engineering; style:applied_real_worldâ†’modelling; mechs:[cross_topic_synthesis,hidden_structure,proof_unfamiliar_context]
2026-03-18T08:29:13Z	0.803027	0.800092	-0.002935	discard	mutate [7] skill:FUNC_MODULUSâ†’FUNC_RATIONAL; arch:spatial_coordinate_bridgeâ†’constraint_optimization_chain; style:applied_real_worldâ†’modelling; mechs:[cross_topic_synthesis,constraint_reasoning,hence_chains]
2026-03-18T09:30:44Z	0.803027	0.802392	-0.000635	discard	mutate [7] skill:FUNC_MODULUSâ†’FUNC_SUM_PRODUCT_ROOTS; arch:spatial_coordinate_bridgeâ†’reverse_engineering; style:applied_real_worldâ†’modelling; mechs:[hidden_structure,hence_chains,proof_unfamiliar_context]
2026-03-18T10:32:27Z	0.803027	0.800239	-0.002788	discard	mutate [7] skill:FUNC_MODULUSâ†’FUNC_RATIONAL; arch:spatial_coordinate_bridgeâ†’constraint_optimization_chain; style:applied_real_worldâ†’modelling; mechs:[constraint_reasoning,hence_chains,proof_unfamiliar_context]
2026-03-18T11:30:41Z	0.000000	0.000000	+0.000000	crash	error: Missing required field: question
2026-03-18T12:07:40Z	0.803027	0.800051	-0.002976	discard	mutate [7] skill:FUNC_MODULUSâ†’FUNC_RATIONAL; arch:spatial_coordinate_bridgeâ†’constraint_optimization_chain; style:applied_real_worldâ†’modelling; mechs:[constraint_reasoning,proof_unfamiliar_context,cross_topic_synthesis,hence_chains]
2026-03-18T13:52:33Z	0.803027	0.800596	-0.002431	discard	mutate [7] skill:FUNC_MODULUSâ†’FUNC_RATIONAL; arch:spatial_coordinate_bridgeâ†’representation_bridge; style:applied_real_worldâ†’modelling; mechs:[hidden_structure,cross_topic_synthesis,multi_representation]
2026-03-18T15:01:51Z	0.803027	0.800135	-0.002892	discard	mutate [7] skill:FUNC_MODULUSâ†’FUNC_RATIONAL; arch:spatial_coordinate_bridgeâ†’constraint_optimization_chain; style:applied_real_worldâ†’modelling; mechs:[cross_topic_synthesis,constraint_reasoning,hence_chains,proof_unfamiliar_context]
2026-03-18T16:18:10Z	0.803027	0.801954	-0.001073	discard	mutate [7] skill:FUNC_MODULUSâ†’FUNC_DOMAIN; arch:spatial_coordinate_bridgeâ†’constraint_optimization_chain; style:applied_real_worldâ†’modelling; mechs:[constraint_reasoning,proof_unfamiliar_context,cross_topic_synthesis]
2026-03-18T17:32:54Z	0.803027	0.802391	-0.000636	discard	mutate [7] skill:FUNC_MODULUSâ†’FUNC_SUM_PRODUCT_ROOTS; arch:spatial_coordinate_bridgeâ†’reverse_engineering; style:applied_real_worldâ†’modelling; mechs:[hidden_structure,cross_topic_synthesis,proof_unfamiliar_context]
2026-03-18T18:34:25Z	0.803027	0.800185	-0.002842	discard	mutate [7] skill:FUNC_MODULUSâ†’FUNC_RATIONAL; arch:spatial_coordinate_bridgeâ†’constraint_optimization_chain; style:applied_real_worldâ†’modelling; mechs:[cross_topic_synthesis,constraint_reasoning,hence_chains,proof_unfamiliar_context]
2026-03-18T19:34:31Z	0.803027	0.800158	-0.002869	discard	mutate [7] skill:FUNC_MODULUSâ†’FUNC_RATIONAL; arch:spatial_coordinate_bridgeâ†’constraint_optimization_chain; style:applied_real_worldâ†’modelling; mechs:[proof_unfamiliar_context,constraint_reasoning,cross_topic_synthesis]
2026-03-18T20:06:06Z	0.803027	0.800770	-0.002257	discard	mutate [7] skill:FUNC_MODULUSâ†’FUNC_RATIONAL; arch:spatial_coordinate_bridgeâ†’constraint_optimization_chain; style:applied_real_worldâ†’modelling; mechs:[cross_topic_synthesis,hence_chains,constraint_reasoning]
2026-03-18T20:55:14Z	0.803027	0.801687	-0.001340	discard	mutate [7] skill:FUNC_MODULUSâ†’FUNC_TRANSFORM; arch:spatial_coordinate_bridgeâ†’reverse_engineering; style:applied_real_worldâ†’modelling; mechs:[hidden_structure,proof_unfamiliar_context]
2026-03-18T21:36:49Z	0.803027	0.802348	-0.000679	discard	mutate [7] skill:FUNC_MODULUSâ†’FUNC_SUM_PRODUCT_ROOTS; arch:spatial_coordinate_bridgeâ†’reverse_engineering; style:applied_real_worldâ†’modelling; mechs:[proof_unfamiliar_context,hidden_structure,cross_topic_synthesis,constraint_reasoning]
2026-03-18T22:03:15Z	0.803027	0.801118	-0.001909	discard	mutate [7] skill:FUNC_MODULUSâ†’FUNC_QUADRATIC; arch:spatial_coordinate_bridgeâ†’constraint_optimization_chain; style:applied_real_worldâ†’modelling; mechs:[cross_topic_synthesis,constraint_reasoning,proof_unfamiliar_context]
2026-03-18T22:48:07Z	0.803027	0.800142	-0.002885	discard	mutate [7] skill:FUNC_MODULUSâ†’FUNC_RATIONAL; arch:spatial_coordinate_bridgeâ†’constraint_optimization_chain; style:applied_real_worldâ†’modelling; mechs:[cross_topic_synthesis,constraint_reasoning,hence_chains]
2026-03-18T23:18:22Z	0.803027	0.800165	-0.002862	discard	mutate [7] skill:FUNC_MODULUSâ†’FUNC_RATIONAL; arch:spatial_coordinate_bridgeâ†’constraint_optimization_chain; style:applied_real_worldâ†’modelling; mechs:[cross_topic_synthesis,hence_chains,proof_unfamiliar_context,constraint_reasoning]
2026-03-18T23:47:23Z	0.803027	0.800065	-0.002962	discard	mutate [7] skill:FUNC_MODULUSâ†’FUNC_RATIONAL; arch:spatial_coordinate_bridgeâ†’constraint_optimization_chain; style:applied_real_worldâ†’modelling; mechs:[cross_topic_synthesis,constraint_reasoning,hence_chains]
2026-03-19T00:04:31Z	0.803027	0.800137	-0.002890	discard	mutate [7] skill:FUNC_MODULUSâ†’FUNC_RATIONAL; arch:spatial_coordinate_bridgeâ†’constraint_optimization_chain; style:applied_real_worldâ†’modelling; mechs:[constraint_reasoning,proof_unfamiliar_context,hence_chains,cross_topic_synthesis]
2026-03-19T03:19:46Z	0.803027	0.800598	-0.002429	discard	mutate [7] skill:FUNC_MODULUSâ†’FUNC_QUADRATIC; arch:spatial_coordinate_bridgeâ†’constraint_optimization_chain; style:applied_real_worldâ†’modelling; mechs:[constraint_reasoning,cross_topic_synthesis,hence_chains]
2026-03-19T05:08:36Z	0.803027	0.800100	-0.002927	discard	mutate [7] skill:FUNC_MODULUSâ†’FUNC_RATIONAL; arch:spatial_coordinate_bridgeâ†’constraint_optimization_chain; style:applied_real_worldâ†’modelling; mechs:[cross_topic_synthesis,constraint_reasoning,hence_chains,proof_unfamiliar_context]
2026-03-19T06:11:37Z	0.803027	0.800072	-0.002955	discard	mutate [7] skill:FUNC_MODULUSâ†’FUNC_RATIONAL; arch:spatial_coordinate_bridgeâ†’constraint_optimization_chain; style:applied_real_worldâ†’modelling; mechs:[cross_topic_synthesis,constraint_reasoning,hence_chains]
2026-03-19T07:15:31Z	0.803027	0.801206	-0.001821	discard	mutate [7] skill:FUNC_MODULUSâ†’FUNC_TRANSFORM; arch:spatial_coordinate_bridgeâ†’reverse_engineering; style:applied_real_worldâ†’modelling; mechs:[cross_topic_synthesis,hidden_structure,proof_unfamiliar_context]
2026-03-19T07:59:23Z	0.803027	0.801432	-0.001595	discard	mutate [7] skill:FUNC_MODULUSâ†’FUNC_QUADRATIC; arch:spatial_coordinate_bridgeâ†’constraint_optimization_chain; style:applied_real_worldâ†’modelling; mechs:[cross_topic_synthesis,constraint_reasoning,proof_unfamiliar_context]
2026-03-19T08:51:35Z	0.803027	0.800134	-0.002893	discard	mutate [7] skill:FUNC_MODULUSâ†’FUNC_RATIONAL; arch:spatial_coordinate_bridgeâ†’constraint_optimization_chain; style:applied_real_worldâ†’modelling; mechs:[constraint_reasoning,hence_chains,proof_unfamiliar_context]
2026-03-19T09:32:27Z	0.000000	0.000000	+0.000000	crash	error: Missing required field: question
2026-03-19T10:24:22Z	0.803027	0.800240	-0.002787	discard	mutate [7] skill:FUNC_MODULUSâ†’FUNC_RATIONAL; arch:spatial_coordinate_bridgeâ†’constraint_optimization_chain; style:applied_real_worldâ†’modelling; mechs:[cross_topic_synthesis,constraint_reasoning,proof_unfamiliar_context]
2026-03-19T11:08:21Z	0.803027	0.802210	-0.000817	discard	mutate [7] skill:FUNC_MODULUSâ†’FUNC_TRANSFORM; arch:spatial_coordinate_bridgeâ†’reverse_engineering; style:applied_real_worldâ†’modelling; mechs:[cross_topic_synthesis,hidden_structure,proof_unfamiliar_context]
2026-03-19T11:50:38Z	0.803027	0.800205	-0.002822	discard	mutate [7] skill:FUNC_MODULUSâ†’FUNC_RATIONAL; arch:spatial_coordinate_bridgeâ†’constraint_optimization_chain; style:applied_real_worldâ†’modelling; mechs:[cross_topic_synthesis,constraint_reasoning,proof_unfamiliar_context]
2026-03-19T12:31:10Z	0.803027	0.800585	-0.002442	discard	mutate [7] skill:FUNC_MODULUSâ†’FUNC_QUADRATIC; arch:spatial_coordinate_bridgeâ†’constraint_optimization_chain; style:applied_real_worldâ†’modelling; mechs:[constraint_reasoning,cross_topic_synthesis,proof_unfamiliar_context]
2026-03-19T13:51:23Z	0.803027	0.801040	-0.001987	discard	mutate [7] skill:FUNC_MODULUSâ†’FUNC_RATIONAL; arch:spatial_coordinate_bridgeâ†’representation_bridge; style:applied_real_worldâ†’modelling; mechs:[multi_representation,hidden_structure,constraint_reasoning]
2026-03-19T14:45:07Z	0.803027	0.800180	-0.002847	discard	mutate [7] skill:FUNC_MODULUSâ†’FUNC_RATIONAL; arch:spatial_coordinate_bridgeâ†’constraint_optimization_chain; style:applied_real_worldâ†’modelling; mechs:[cross_topic_synthesis,constraint_reasoning,proof_unfamiliar_context]
2026-03-19T15:40:01Z	0.803027	0.801097	-0.001930	discard	mutate [7] skill:FUNC_MODULUSâ†’FUNC_TRANSFORM; arch:spatial_coordinate_bridgeâ†’reverse_engineering; style:applied_real_worldâ†’modelling; mechs:[cross_topic_synthesis,hidden_structure,proof_unfamiliar_context]
2026-03-19T16:41:00Z	0.803027	0.800553	-0.002474	discard	mutate [7] skill:FUNC_MODULUSâ†’FUNC_QUADRATIC; arch:spatial_coordinate_bridgeâ†’constraint_optimization_chain; style:applied_real_worldâ†’modelling; mechs:[constraint_reasoning,hence_chains,cross_topic_synthesis,proof_unfamiliar_context]
2026-03-19T17:42:22Z	0.803027	0.800056	-0.002971	discard	mutate [7] skill:FUNC_MODULUSâ†’FUNC_RATIONAL; arch:spatial_coordinate_bridgeâ†’constraint_optimization_chain; style:applied_real_worldâ†’modelling; mechs:[cross_topic_synthesis,constraint_reasoning,proof_unfamiliar_context]
2026-03-19T18:36:36Z	0.803027	0.802155	-0.000872	discard	mutate [7] skill:FUNC_MODULUSâ†’FUNC_TRANSFORM; arch:spatial_coordinate_bridgeâ†’representation_bridge; style:applied_real_worldâ†’modelling; mechs:[cross_topic_synthesis,hidden_structure,proof_unfamiliar_context]
2026-03-19T19:33:19Z	0.803027	0.800571	-0.002456	discard	mutate [7] skill:FUNC_MODULUSâ†’FUNC_QUADRATIC; arch:spatial_coordinate_bridgeâ†’constraint_optimization_chain; style:applied_real_worldâ†’modelling; mechs:[cross_topic_synthesis,constraint_reasoning,proof_unfamiliar_context]
2026-03-19T20:06:01Z	0.803027	0.802511	-0.000516	discard	mutate [7] skill:FUNC_MODULUSâ†’FUNC_SUM_PRODUCT_ROOTS; arch:spatial_coordinate_bridgeâ†’representation_bridge; style:applied_real_worldâ†’modelling; mechs:[cross_topic_synthesis,hidden_structure,proof_unfamiliar_context]
2026-03-19T20:54:47Z	0.803027	0.801328	-0.001699	discard	mutate [7] skill:FUNC_MODULUSâ†’FUNC_TRANSFORM; arch:spatial_coordinate_bridgeâ†’reverse_engineering; style:applied_real_worldâ†’modelling; mechs:[hidden_structure,cross_topic_synthesis,proof_unfamiliar_context]
2026-03-19T21:34:49Z	0.803027	0.800129	-0.002898	discard	mutate [7] skill:FUNC_MODULUSâ†’FUNC_QUADRATIC; arch:spatial_coordinate_bridgeâ†’representation_bridge; style:applied_real_worldâ†’modelling; mechs:[multi_representation,cross_topic_synthesis,constraint_reasoning]
2026-03-19T22:00:10Z	0.803027	0.800017	-0.003010	discard	mutate [7] skill:FUNC_MODULUSâ†’FUNC_RATIONAL; arch:spatial_coordinate_bridgeâ†’constraint_optimization_chain; style:applied_real_worldâ†’modelling; mechs:[constraint_reasoning,proof_unfamiliar_context,cross_topic_synthesis]
2026-03-19T22:37:40Z	0.803027	0.800082	-0.002945	discard	mutate [7] skill:FUNC_MODULUSâ†’FUNC_RATIONAL; arch:spatial_coordinate_bridgeâ†’constraint_optimization_chain; style:applied_real_worldâ†’modelling; mechs:[cross_topic_synthesis,constraint_reasoning,hence_chains]
2026-03-19T23:02:12Z	0.803027	0.801245	-0.001782	discard	mutate [7] skill:FUNC_MODULUSâ†’FUNC_TRANSFORM; arch:spatial_coordinate_bridgeâ†’reverse_engineering; style:applied_real_worldâ†’modelling; mechs:[cross_topic_synthesis,hidden_structure,proof_unfamiliar_context]
2026-03-19T23:42:34Z	0.803027	0.801009	-0.002018	discard	mutate [7] skill:FUNC_MODULUSâ†’FUNC_QUADRATIC; arch:spatial_coordinate_bridgeâ†’constraint_optimization_chain; style:applied_real_worldâ†’modelling; mechs:[constraint_reasoning,cross_topic_synthesis,proof_unfamiliar_context]
2026-03-20T00:03:45Z	0.803027	0.801383	-0.001644	discard	mutate [7] skill:FUNC_MODULUSâ†’FUNC_TRANSFORM; arch:spatial_coordinate_bridgeâ†’reverse_engineering; style:applied_real_worldâ†’modelling; mechs:[hidden_structure,proof_unfamiliar_context,constraint_reasoning]
2026-03-20T02:53:56Z	0.803027	0.801211	-0.001816	discard	mutate [7] skill:FUNC_MODULUSâ†’FUNC_TRANSFORM; arch:spatial_coordinate_bridgeâ†’reverse_engineering; style:applied_real_worldâ†’modelling; mechs:[hidden_structure,constraint_reasoning,proof_unfamiliar_context]
2026-03-20T04:46:03Z	0.803027	0.800110	-0.002917	discard	mutate [7] skill:FUNC_MODULUSâ†’FUNC_RATIONAL; arch:spatial_coordinate_bridgeâ†’constraint_optimization_chain; style:applied_real_worldâ†’modelling; mechs:[constraint_reasoning,proof_unfamiliar_context,cross_topic_synthesis]
2026-03-20T05:42:25Z	0.000000	0.000000	+0.000000	crash	error: Missing required field: question
2026-03-20T06:38:15Z	0.803027	0.801242	-0.001785	discard	mutate [7] skill:FUNC_MODULUSâ†’FUNC_QUADRATIC; arch:spatial_coordinate_bridgeâ†’constraint_optimization_chain; style:applied_real_worldâ†’modelling; mechs:[constraint_reasoning,hence_chains,proof_unfamiliar_context]
2026-03-20T07:34:23Z	0.803027	0.801251	-0.001776	discard	mutate [7] skill:FUNC_MODULUSâ†’FUNC_TRANSFORM; arch:spatial_coordinate_bridgeâ†’reverse_engineering; style:applied_real_worldâ†’modelling; mechs:[hidden_structure,proof_unfamiliar_context,constraint_reasoning]
2026-03-20T08:07:03Z	0.803027	0.801453	-0.001574	discard	mutate [7] skill:FUNC_MODULUSâ†’FUNC_QUADRATIC; arch:spatial_coordinate_bridgeâ†’constraint_optimization_chain; style:applied_real_worldâ†’modelling; mechs:[constraint_reasoning,hence_chains,proof_unfamiliar_context]
2026-03-20T08:58:11Z	0.803027	0.804977	+0.001950	keep	mutate [7] skill:FUNC_MODULUSâ†’FUNC_TRANSFORM; arch:spatial_coordinate_bridgeâ†’generalization_from_special_case; style:applied_real_worldâ†’modelling; mechs:[proof_unfamiliar_context,hidden_structure,transfer_generalization]
2026-03-20T09:46:09Z	0.804977	0.800652	-0.004325	discard	mutate [7] skill:FUNC_TRANSFORMâ†’FUNC_QUADRATIC; arch:generalization_from_special_caseâ†’constraint_optimization_chain; style:modellingâ†’applied_real_world; mechs:[constraint_reasoning,hence_chains,cross_topic_synthesis]
2026-03-20T10:24:45Z	0.804977	0.801316	-0.003661	discard	mutate [7] skill:FUNC_TRANSFORMâ†’FUNC_QUADRATIC; arch:generalization_from_special_caseâ†’constraint_optimization_chain; style:modellingâ†’applied_real_world; mechs:[constraint_reasoning,cross_topic_synthesis,hence_chains]
2026-03-20T11:04:38Z	0.804977	0.801214	-0.003763	discard	mutate [7] skill:FUNC_TRANSFORMâ†’FUNC_QUADRATIC; arch:generalization_from_special_caseâ†’constraint_optimization_chain; style:modellingâ†’applied_real_world; mechs:[constraint_reasoning,cross_topic_synthesis,hence_chains]
2026-03-20T11:44:12Z	0.804977	0.800725	-0.004252	discard	mutate [7] skill:FUNC_TRANSFORMâ†’FUNC_QUADRATIC; arch:generalization_from_special_caseâ†’constraint_optimization_chain; style:modellingâ†’applied_real_world; mechs:[constraint_reasoning,hence_chains,cross_topic_synthesis]
2026-03-20T12:04:26Z	0.804977	0.800531	-0.004446	discard	mutate [7] skill:FUNC_TRANSFORMâ†’FUNC_QUADRATIC; arch:generalization_from_special_caseâ†’constraint_optimization_chain; style:modellingâ†’applied_real_world; mechs:[constraint_reasoning,cross_topic_synthesis,hence_chains]
2026-03-20T13:23:41Z	0.804977	0.801066	-0.003911	discard	mutate [7] skill:FUNC_TRANSFORMâ†’FUNC_QUADRATIC; arch:generalization_from_special_caseâ†’constraint_optimization_chain; style:modellingâ†’applied_real_world; mechs:[constraint_reasoning,hence_chains,cross_topic_synthesis]
2026-03-20T14:12:50Z	0.804977	0.800924	-0.004053	discard	mutate [7] skill:FUNC_TRANSFORMâ†’FUNC_RATIONAL; arch:generalization_from_special_caseâ†’constraint_optimization_chain; style:modellingâ†’applied_real_world; mechs:[constraint_reasoning,hence_chains,cross_topic_synthesis]
2026-03-20T15:09:22Z	0.804977	0.801288	-0.003689	discard	mutate [7] skill:FUNC_TRANSFORMâ†’FUNC_QUADRATIC; arch:generalization_from_special_caseâ†’constraint_optimization_chain; style:modellingâ†’applied_real_world; mechs:[constraint_reasoning,cross_topic_synthesis,hence_chains]
2026-03-20T15:57:10Z	0.804977	0.801381	-0.003596	discard	mutate [7] skill:FUNC_TRANSFORMâ†’FUNC_QUADRATIC; arch:generalization_from_special_caseâ†’constraint_optimization_chain; style:modellingâ†’applied_real_world; mechs:[constraint_reasoning,cross_topic_synthesis,hence_chains]
2026-03-20T16:43:59Z	0.804977	0.800702	-0.004275	discard	mutate [7] skill:FUNC_TRANSFORMâ†’FUNC_QUADRATIC; arch:generalization_from_special_caseâ†’constraint_optimization_chain; style:modellingâ†’applied_real_world; mechs:[constraint_reasoning,cross_topic_synthesis,hence_chains]
2026-03-20T17:26:53Z	0.804977	0.801282	-0.003695	discard	mutate [7] skill:FUNC_TRANSFORMâ†’FUNC_QUADRATIC; arch:generalization_from_special_caseâ†’constraint_optimization_chain; style:modellingâ†’applied_real_world; mechs:[constraint_reasoning,hence_chains]
2026-03-20T18:01:24Z	0.804977	0.800635	-0.004342	discard	mutate [7] skill:FUNC_TRANSFORMâ†’FUNC_QUADRATIC; arch:generalization_from_special_caseâ†’constraint_optimization_chain; style:modellingâ†’applied_real_world; mechs:[constraint_reasoning,cross_topic_synthesis,hence_chains]
2026-03-20T19:03:42Z	0.804977	0.800432	-0.004545	discard	mutate [7] skill:FUNC_TRANSFORMâ†’FUNC_QUADRATIC; arch:generalization_from_special_caseâ†’constraint_optimization_chain; style:modellingâ†’applied_real_world; mechs:[constraint_reasoning,cross_topic_synthesis,hence_chains]
2026-03-20T19:47:41Z	0.804977	0.800114	-0.004863	discard	mutate [7] skill:FUNC_TRANSFORMâ†’FUNC_QUADRATIC; arch:generalization_from_special_caseâ†’constraint_optimization_chain; style:modellingâ†’applied_real_world; mechs:[constraint_reasoning,cross_topic_synthesis,hence_chains]
2026-03-20T20:17:30Z	0.804977	0.800837	-0.004140	discard	mutate [7] skill:FUNC_TRANSFORMâ†’FUNC_QUADRATIC; arch:generalization_from_special_caseâ†’constraint_optimization_chain; style:modellingâ†’applied_real_world; mechs:[constraint_reasoning,cross_topic_synthesis,hence_chains]
2026-03-20T20:53:09Z	0.804977	0.801256	-0.003721	discard	mutate [7] skill:FUNC_TRANSFORMâ†’FUNC_QUADRATIC; arch:generalization_from_special_caseâ†’constraint_optimization_chain; style:modellingâ†’applied_real_world; mechs:[constraint_reasoning,cross_topic_synthesis]
2026-03-20T21:28:56Z	0.804977	0.800987	-0.003990	discard	mutate [7] skill:FUNC_TRANSFORMâ†’FUNC_RATIONAL; arch:generalization_from_special_caseâ†’constraint_optimization_chain; style:modellingâ†’applied_real_world; mechs:[constraint_reasoning,hence_chains,cross_topic_synthesis]
2026-03-20T21:55:13Z	0.804977	0.800667	-0.004310	discard	mutate [7] skill:FUNC_TRANSFORMâ†’FUNC_QUADRATIC; arch:generalization_from_special_caseâ†’constraint_optimization_chain; style:modellingâ†’applied_real_world; mechs:[constraint_reasoning,cross_topic_synthesis,hence_chains]
2026-03-20T22:27:29Z	0.000000	0.000000	+0.000000	crash	error: Missing required field: question
2026-03-20T22:57:15Z	0.804977	0.801439	-0.003538	discard	mutate [7] skill:FUNC_TRANSFORMâ†’FUNC_QUADRATIC; arch:generalization_from_special_caseâ†’constraint_optimization_chain; style:modellingâ†’applied_real_world; mechs:[constraint_reasoning,hence_chains,cross_topic_synthesis]
2026-03-20T23:29:26Z	0.804977	0.801493	-0.003484	discard	mutate [7] skill:FUNC_TRANSFORMâ†’FUNC_QUADRATIC; arch:generalization_from_special_caseâ†’constraint_optimization_chain; style:modellingâ†’applied_real_world; mechs:[constraint_reasoning,cross_topic_synthesis,hence_chains]
2026-03-20T23:53:57Z	0.804977	0.800076	-0.004901	discard	mutate [7] skill:FUNC_TRANSFORMâ†’FUNC_QUADRATIC; arch:generalization_from_special_caseâ†’constraint_optimization_chain; style:modellingâ†’applied_real_world; mechs:[constraint_reasoning,cross_topic_synthesis]
2026-03-21T01:50:35Z	0.804977	0.800620	-0.004357	discard	mutate [7] skill:FUNC_TRANSFORMâ†’FUNC_QUADRATIC; arch:generalization_from_special_caseâ†’constraint_optimization_chain; style:modellingâ†’applied_real_world; mechs:[constraint_reasoning,hence_chains,cross_topic_synthesis]
2026-03-21T03:53:38Z	0.804977	0.800664	-0.004313	discard	mutate [7] skill:FUNC_TRANSFORMâ†’FUNC_QUADRATIC; arch:generalization_from_special_caseâ†’constraint_optimization_chain; style:modellingâ†’applied_real_world; mechs:[constraint_reasoning,hence_chains,cross_topic_synthesis]
2026-03-21T05:06:30Z	0.804977	0.800441	-0.004536	discard	mutate [7] skill:FUNC_TRANSFORMâ†’FUNC_QUADRATIC; arch:generalization_from_special_caseâ†’constraint_optimization_chain; style:modellingâ†’applied_real_world; mechs:[constraint_reasoning,cross_topic_synthesis,hence_chains]
2026-03-21T05:54:47Z	0.804977	0.800629	-0.004348	discard	mutate [7] skill:FUNC_TRANSFORMâ†’FUNC_QUADRATIC; arch:generalization_from_special_caseâ†’constraint_optimization_chain; style:modellingâ†’applied_real_world; mechs:[cross_topic_synthesis,constraint_reasoning,hence_chains]
2026-03-21T06:40:30Z	0.804977	0.800609	-0.004368	discard	mutate [7] skill:FUNC_TRANSFORMâ†’FUNC_QUADRATIC; arch:generalization_from_special_caseâ†’constraint_optimization_chain; style:modellingâ†’applied_real_world; mechs:[constraint_reasoning,cross_topic_synthesis,hence_chains]
2026-03-21T07:22:55Z	0.804977	0.800937	-0.004040	discard	mutate [7] skill:FUNC_TRANSFORMâ†’FUNC_QUADRATIC; arch:generalization_from_special_caseâ†’constraint_optimization_chain; style:modellingâ†’applied_real_world; mechs:[constraint_reasoning,cross_topic_synthesis]
2026-03-21T07:52:22Z	0.804977	0.800703	-0.004274	discard	mutate [7] skill:FUNC_TRANSFORMâ†’FUNC_QUADRATIC; arch:generalization_from_special_caseâ†’constraint_optimization_chain; style:modellingâ†’applied_real_world; mechs:[constraint_reasoning,cross_topic_synthesis,hence_chains]
2026-03-21T08:31:54Z	0.804977	0.800654	-0.004323	discard	mutate [7] skill:FUNC_TRANSFORMâ†’FUNC_QUADRATIC; arch:generalization_from_special_caseâ†’constraint_optimization_chain; style:modellingâ†’applied_real_world; mechs:[constraint_reasoning,hence_chains,cross_topic_synthesis]
2026-03-21T09:01:17Z	0.804977	0.800080	-0.004897	discard	mutate [7] skill:FUNC_TRANSFORMâ†’FUNC_RATIONAL; arch:generalization_from_special_caseâ†’constraint_optimization_chain; style:modellingâ†’applied_real_world; mechs:[cross_topic_synthesis,hidden_structure,hence_chains,constraint_reasoning]
2026-03-21T09:42:11Z	0.804977	0.800669	-0.004308	discard	mutate [7] skill:FUNC_TRANSFORMâ†’FUNC_QUADRATIC; arch:generalization_from_special_caseâ†’constraint_optimization_chain; style:modellingâ†’applied_real_world; mechs:[constraint_reasoning,cross_topic_synthesis,hidden_structure,hence_chains]
2026-03-21T10:01:44Z	0.804977	0.800728	-0.004249	discard	mutate [7] skill:FUNC_TRANSFORMâ†’FUNC_RATIONAL; arch:generalization_from_special_caseâ†’constraint_optimization_chain; style:modellingâ†’applied_real_world; mechs:[constraint_reasoning,hence_chains,cross_topic_synthesis]
2026-03-21T10:44:05Z	0.804977	0.800141	-0.004836	discard	mutate [7] skill:FUNC_TRANSFORMâ†’FUNC_RATIONAL; arch:generalization_from_special_caseâ†’constraint_optimization_chain; style:modellingâ†’applied_real_world; mechs:[constraint_reasoning,cross_topic_synthesis,hence_chains,hidden_structure]
2026-03-21T11:03:00Z	0.804977	0.801029	-0.003948	discard	mutate [7] skill:FUNC_TRANSFORMâ†’FUNC_QUADRATIC; arch:generalization_from_special_caseâ†’constraint_optimization_chain; style:modellingâ†’applied_real_world; mechs:[constraint_reasoning,hence_chains,cross_topic_synthesis]
2026-03-21T11:35:16Z	0.804977	0.801260	-0.003717	discard	mutate [7] skill:FUNC_TRANSFORMâ†’FUNC_QUADRATIC; arch:generalization_from_special_caseâ†’constraint_optimization_chain; style:modellingâ†’applied_real_world; mechs:[constraint_reasoning,hence_chains,hidden_structure]
2026-03-21T11:53:46Z	0.804977	0.800819	-0.004158	discard	mutate [7] skill:FUNC_TRANSFORMâ†’FUNC_QUADRATIC; arch:generalization_from_special_caseâ†’constraint_optimization_chain; style:modellingâ†’applied_real_world; mechs:[constraint_reasoning,hence_chains,cross_topic_synthesis]
2026-03-21T12:43:51Z	0.804977	0.801404	-0.003573	discard	mutate [7] skill:FUNC_TRANSFORMâ†’FUNC_QUADRATIC; arch:generalization_from_special_caseâ†’constraint_optimization_chain; style:modellingâ†’applied_real_world; mechs:[constraint_reasoning,cross_topic_synthesis]
2026-03-21T13:34:06Z	0.804977	0.800581	-0.004396	discard	mutate [7] skill:FUNC_TRANSFORMâ†’FUNC_QUADRATIC; arch:generalization_from_special_caseâ†’constraint_optimization_chain; style:modellingâ†’applied_real_world; mechs:[constraint_reasoning,hence_chains,cross_topic_synthesis]
2026-03-21T14:02:45Z	0.804977	0.800692	-0.004285	discard	mutate [7] skill:FUNC_TRANSFORMâ†’FUNC_QUADRATIC; arch:generalization_from_special_caseâ†’constraint_optimization_chain; style:modellingâ†’applied_real_world; mechs:[constraint_reasoning,hence_chains,cross_topic_synthesis,hidden_structure]
2026-03-21T14:42:29Z	0.804977	0.800738	-0.004239	discard	mutate [7] skill:FUNC_TRANSFORMâ†’FUNC_QUADRATIC; arch:generalization_from_special_caseâ†’constraint_optimization_chain; style:modellingâ†’applied_real_world; mechs:[constraint_reasoning,cross_topic_synthesis,hence_chains]
2026-03-21T15:03:11Z	0.804977	0.800606	-0.004371	discard	mutate [7] skill:FUNC_TRANSFORMâ†’FUNC_QUADRATIC; arch:generalization_from_special_caseâ†’constraint_optimization_chain; style:modellingâ†’applied_real_world; mechs:[constraint_reasoning,hence_chains,cross_topic_synthesis]
2026-03-21T15:39:19Z	0.804977	0.800784	-0.004193	discard	mutate [7] skill:FUNC_TRANSFORMâ†’FUNC_QUADRATIC; arch:generalization_from_special_caseâ†’constraint_optimization_chain; style:modellingâ†’applied_real_world; mechs:[constraint_reasoning,cross_topic_synthesis,hence_chains]
2026-03-21T15:56:31Z	0.804977	0.801525	-0.003452	discard	mutate [7] skill:FUNC_TRANSFORMâ†’FUNC_QUADRATIC; arch:generalization_from_special_caseâ†’constraint_optimization_chain; style:modellingâ†’applied_real_world; mechs:[constraint_reasoning,hence_chains,cross_topic_synthesis]
2026-03-21T16:28:05Z	0.804977	0.801423	-0.003554	discard	mutate [7] skill:FUNC_TRANSFORMâ†’FUNC_QUADRATIC; arch:generalization_from_special_caseâ†’constraint_optimization_chain; style:modellingâ†’applied_real_world; mechs:[constraint_reasoning,hence_chains,cross_topic_synthesis]
2026-03-21T16:56:24Z	0.804977	0.802047	-0.002930	discard	mutate [7] skill:FUNC_TRANSFORMâ†’FUNC_QUADRATIC; arch:generalization_from_special_caseâ†’constraint_optimization_chain; style:modellingâ†’applied_real_world; mechs:[constraint_reasoning,hence_chains,cross_topic_synthesis]
2026-03-21T17:24:50Z	0.804977	0.800546	-0.004431	discard	mutate [7] skill:FUNC_TRANSFORMâ†’FUNC_QUADRATIC; arch:generalization_from_special_caseâ†’constraint_optimization_chain; style:modellingâ†’applied_real_world; mechs:[constraint_reasoning,hence_chains,cross_topic_synthesis]
2026-03-21T17:51:44Z	0.000000	0.000000	+0.000000	crash	error: Missing required field: question
2026-03-21T18:33:55Z	0.804977	0.800621	-0.004356	discard	mutate [7] skill:FUNC_TRANSFORMâ†’FUNC_QUADRATIC; arch:generalization_from_special_caseâ†’constraint_optimization_chain; style:modellingâ†’applied_real_world; mechs:[constraint_reasoning,hence_chains,cross_topic_synthesis]
2026-03-21T19:04:21Z	0.804977	0.800106	-0.004871	discard	mutate [7] skill:FUNC_TRANSFORMâ†’FUNC_QUADRATIC; arch:generalization_from_special_caseâ†’constraint_optimization_chain; style:modellingâ†’applied_real_world; mechs:[constraint_reasoning,cross_topic_synthesis,hence_chains]
2026-03-21T19:35:52Z	0.804977	0.800179	-0.004798	discard	mutate [7] skill:FUNC_TRANSFORMâ†’FUNC_RATIONAL; arch:generalization_from_special_caseâ†’constraint_optimization_chain; style:modellingâ†’applied_real_world; mechs:[constraint_reasoning,cross_topic_synthesis,hence_chains]
2026-03-21T19:53:00Z	0.804977	0.800415	-0.004562	discard	mutate [7] skill:FUNC_TRANSFORMâ†’FUNC_QUADRATIC; arch:generalization_from_special_caseâ†’constraint_optimization_chain; style:modellingâ†’applied_real_world; mechs:[constraint_reasoning,cross_topic_synthesis,hence_chains]
2026-03-21T20:24:53Z	0.804977	0.800264	-0.004713	discard	mutate [7] skill:FUNC_TRANSFORMâ†’FUNC_RATIONAL; arch:generalization_from_special_caseâ†’constraint_optimization_chain; style:modellingâ†’applied_real_world; mechs:[constraint_reasoning,cross_topic_synthesis,hence_chains]
2026-03-21T20:51:19Z	0.804977	0.801494	-0.003483	discard	mutate [7] skill:FUNC_TRANSFORMâ†’FUNC_QUADRATIC; arch:generalization_from_special_caseâ†’constraint_optimization_chain; style:modellingâ†’applied_real_world; mechs:[constraint_reasoning,hence_chains,cross_topic_synthesis]
2026-03-21T21:23:52Z	0.804977	0.800139	-0.004838	discard	mutate [7] skill:FUNC_TRANSFORMâ†’FUNC_QUADRATIC; arch:generalization_from_special_caseâ†’constraint_optimization_chain; style:modellingâ†’applied_real_world; mechs:[constraint_reasoning,hence_chains,cross_topic_synthesis,hidden_structure]
2026-03-21T21:48:51Z	0.804977	0.800205	-0.004772	discard	mutate [7] skill:FUNC_TRANSFORMâ†’FUNC_QUADRATIC; arch:generalization_from_special_caseâ†’constraint_optimization_chain; style:modellingâ†’applied_real_world; mechs:[constraint_reasoning,hence_chains,cross_topic_synthesis]
2026-03-21T22:01:09Z	0.804977	0.800981	-0.003996	discard	mutate [7] skill:FUNC_TRANSFORMâ†’FUNC_QUADRATIC; arch:generalization_from_special_caseâ†’constraint_optimization_chain; style:modellingâ†’applied_real_world; mechs:[constraint_reasoning,hence_chains,cross_topic_synthesis]
2026-03-21T22:36:25Z	0.804977	0.800679	-0.004298	discard	mutate [7] skill:FUNC_TRANSFORMâ†’FUNC_QUADRATIC; arch:generalization_from_special_caseâ†’constraint_optimization_chain; style:modellingâ†’applied_real_world; mechs:[constraint_reasoning,cross_topic_synthesis,hence_chains]
2026-03-21T22:57:26Z	0.804977	0.801154	-0.003823	discard	mutate [7] skill:FUNC_TRANSFORMâ†’FUNC_QUADRATIC; arch:generalization_from_special_caseâ†’constraint_optimization_chain; style:modellingâ†’applied_real_world; mechs:[constraint_reasoning,hence_chains,cross_topic_synthesis]
2026-03-21T23:27:02Z	0.804977	0.800570	-0.004407	discard	mutate [7] skill:FUNC_TRANSFORMâ†’FUNC_QUADRATIC; arch:generalization_from_special_caseâ†’constraint_optimization_chain; style:modellingâ†’applied_real_world; mechs:[constraint_reasoning,hence_chains,cross_topic_synthesis]
2026-03-21T23:49:40Z	0.804977	0.800773	-0.004204	discard	mutate [7] skill:FUNC_TRANSFORMâ†’FUNC_QUADRATIC; arch:generalization_from_special_caseâ†’constraint_optimization_chain; style:modellingâ†’applied_real_world; mechs:[cross_topic_synthesis,constraint_reasoning,hence_chains,hidden_structure]
2026-03-22T00:02:26Z	0.804977	0.800746	-0.004231	discard	mutate [7] skill:FUNC_TRANSFORMâ†’FUNC_QUADRATIC; arch:generalization_from_special_caseâ†’constraint_optimization_chain; style:modellingâ†’applied_real_world; mechs:[constraint_reasoning,hence_chains,cross_topic_synthesis]
2026-03-22T03:20:05Z	0.804977	0.800056	-0.004921	discard	mutate [7] skill:FUNC_TRANSFORMâ†’FUNC_RATIONAL; arch:generalization_from_special_caseâ†’constraint_optimization_chain; style:modellingâ†’applied_real_world; mechs:[constraint_reasoning,cross_topic_synthesis,hence_chains]
2026-03-22T05:05:28Z	0.804977	0.800674	-0.004303	discard	mutate [7] skill:FUNC_TRANSFORMâ†’FUNC_QUADRATIC; arch:generalization_from_special_caseâ†’constraint_optimization_chain; style:modellingâ†’applied_real_world; mechs:[constraint_reasoning,cross_topic_synthesis,hence_chains]
2026-03-22T06:04:49Z	0.804977	0.800623	-0.004354	discard	mutate [7] skill:FUNC_TRANSFORMâ†’FUNC_QUADRATIC; arch:generalization_from_special_caseâ†’constraint_optimization_chain; style:modellingâ†’applied_real_world; mechs:[constraint_reasoning,cross_topic_synthesis,hence_chains]
2026-03-22T07:06:28Z	0.804977	0.800711	-0.004266	discard	mutate [7] skill:FUNC_TRANSFORMâ†’FUNC_QUADRATIC; arch:generalization_from_special_caseâ†’constraint_optimization_chain; style:modellingâ†’applied_real_world; mechs:[constraint_reasoning,cross_topic_synthesis,hence_chains]
2026-03-22T07:48:23Z	0.804977	0.801293	-0.003684	discard	mutate [7] skill:FUNC_TRANSFORMâ†’FUNC_QUADRATIC; arch:generalization_from_special_caseâ†’constraint_optimization_chain; style:modellingâ†’applied_real_world; mechs:[constraint_reasoning,hence_chains,cross_topic_synthesis]
2026-03-22T08:03:53Z	0.804977	0.801367	-0.003610	discard	mutate [7] skill:FUNC_TRANSFORMâ†’FUNC_QUADRATIC; arch:generalization_from_special_caseâ†’constraint_optimization_chain; style:modellingâ†’applied_real_world; mechs:[constraint_reasoning,cross_topic_synthesis,hence_chains]
2026-03-22T08:52:06Z	0.804977	0.800586	-0.004391	discard	mutate [7] skill:FUNC_TRANSFORMâ†’FUNC_QUADRATIC; arch:generalization_from_special_caseâ†’constraint_optimization_chain; style:modellingâ†’applied_real_world; mechs:[constraint_reasoning,cross_topic_synthesis]
2026-03-22T09:31:08Z	0.804977	0.800529	-0.004448	discard	mutate [7] skill:FUNC_TRANSFORMâ†’FUNC_QUADRATIC; arch:generalization_from_special_caseâ†’constraint_optimization_chain; style:modellingâ†’applied_real_world; mechs:[constraint_reasoning,hence_chains,cross_topic_synthesis]
2026-03-22T09:58:24Z	0.804977	0.800069	-0.004908	discard	mutate [7] skill:FUNC_TRANSFORMâ†’FUNC_QUADRATIC; arch:generalization_from_special_caseâ†’constraint_optimization_chain; style:modellingâ†’applied_real_world; mechs:[constraint_reasoning,hence_chains,cross_topic_synthesis]
2026-03-22T10:31:25Z	0.804977	0.800234	-0.004743	discard	mutate [7] skill:FUNC_TRANSFORMâ†’FUNC_QUADRATIC; arch:generalization_from_special_caseâ†’constraint_optimization_chain; style:modellingâ†’applied_real_world; mechs:[constraint_reasoning,cross_topic_synthesis,hence_chains]
2026-03-22T10:58:52Z	0.804977	0.801395	-0.003582	discard	mutate [7] skill:FUNC_TRANSFORMâ†’FUNC_QUADRATIC; arch:generalization_from_special_caseâ†’constraint_optimization_chain; style:modellingâ†’applied_real_world; mechs:[constraint_reasoning,cross_topic_synthesis,hence_chains,hidden_structure]
2026-03-22T11:28:57Z	0.804977	0.800172	-0.004805	discard	mutate [7] skill:FUNC_TRANSFORMâ†’FUNC_RATIONAL; arch:generalization_from_special_caseâ†’constraint_optimization_chain; style:modellingâ†’applied_real_world; mechs:[constraint_reasoning,cross_topic_synthesis,hence_chains]
2026-03-22T11:48:53Z	0.804977	0.801477	-0.003500	discard	mutate [7] skill:FUNC_TRANSFORMâ†’FUNC_QUADRATIC; arch:generalization_from_special_caseâ†’constraint_optimization_chain; style:modellingâ†’applied_real_world; mechs:[constraint_reasoning,cross_topic_synthesis,hence_chains]
2026-03-22T12:01:41Z	0.804977	0.800518	-0.004459	discard	mutate [7] skill:FUNC_TRANSFORMâ†’FUNC_RATIONAL; arch:generalization_from_special_caseâ†’representation_bridge; style:modellingâ†’applied_real_world; mechs:[cross_topic_synthesis,hidden_structure,constraint_reasoning,hence_chains]
2026-03-22T13:12:37Z	0.804977	0.800671	-0.004306	discard	mutate [7] skill:FUNC_TRANSFORMâ†’FUNC_QUADRATIC; arch:generalization_from_special_caseâ†’constraint_optimization_chain; style:modellingâ†’applied_real_world; mechs:[constraint_reasoning,cross_topic_synthesis,hence_chains]
2026-03-22T13:55:29Z	0.804977	0.801362	-0.003615	discard	mutate [7] skill:FUNC_TRANSFORMâ†’FUNC_QUADRATIC; arch:generalization_from_special_caseâ†’constraint_optimization_chain; style:modellingâ†’applied_real_world; mechs:[constraint_reasoning,cross_topic_synthesis,hence_chains]
2026-03-22T14:26:59Z	0.804977	0.800166	-0.004811	discard	mutate [7] skill:FUNC_TRANSFORMâ†’FUNC_RATIONAL; arch:generalization_from_special_caseâ†’constraint_optimization_chain; style:modellingâ†’applied_real_world; mechs:[constraint_reasoning,cross_topic_synthesis,hence_chains]
2026-03-22T14:55:07Z	0.804977	0.800818	-0.004159	discard	mutate [7] skill:FUNC_TRANSFORMâ†’FUNC_QUADRATIC; arch:generalization_from_special_caseâ†’constraint_optimization_chain; style:modellingâ†’applied_real_world; mechs:[constraint_reasoning,cross_topic_synthesis,hence_chains]
2026-03-22T15:25:17Z	0.804977	0.800115	-0.004862	discard	mutate [7] skill:FUNC_TRANSFORMâ†’FUNC_QUADRATIC; arch:generalization_from_special_caseâ†’constraint_optimization_chain; style:modellingâ†’applied_real_world; mechs:[constraint_reasoning,hence_chains,cross_topic_synthesis]
2026-03-22T15:50:12Z	0.804977	0.800749	-0.004228	discard	mutate [7] skill:FUNC_TRANSFORMâ†’FUNC_QUADRATIC; arch:generalization_from_special_caseâ†’constraint_optimization_chain; style:modellingâ†’applied_real_world; mechs:[constraint_reasoning,cross_topic_synthesis,hence_chains]
2026-03-22T16:03:07Z	0.804977	0.801174	-0.003803	discard	mutate [7] skill:FUNC_TRANSFORMâ†’FUNC_QUADRATIC; arch:generalization_from_special_caseâ†’constraint_optimization_chain; style:modellingâ†’applied_real_world; mechs:[constraint_reasoning,cross_topic_synthesis,hence_chains]
2026-03-22T16:47:12Z	0.804977	0.800595	-0.004382	discard	mutate [7] skill:FUNC_TRANSFORMâ†’FUNC_QUADRATIC; arch:generalization_from_special_caseâ†’constraint_optimization_chain; style:modellingâ†’applied_real_world; mechs:[constraint_reasoning,hence_chains,cross_topic_synthesis,hidden_structure]
2026-03-22T17:05:00Z	0.804977	0.801447	-0.003530	discard	mutate [7] skill:FUNC_TRANSFORMâ†’FUNC_QUADRATIC; arch:generalization_from_special_caseâ†’constraint_optimization_chain; style:modellingâ†’applied_real_world; mechs:[constraint_reasoning,hence_chains]
2026-03-22T17:38:55Z	0.804977	0.800665	-0.004312	discard	mutate [7] skill:FUNC_TRANSFORMâ†’FUNC_QUADRATIC; arch:generalization_from_special_caseâ†’constraint_optimization_chain; style:modellingâ†’applied_real_world; mechs:[constraint_reasoning,hence_chains,cross_topic_synthesis]
2026-03-22T17:57:43Z	0.804977	0.800649	-0.004328	discard	mutate [7] skill:FUNC_TRANSFORMâ†’FUNC_QUADRATIC; arch:generalization_from_special_caseâ†’constraint_optimization_chain; style:modellingâ†’applied_real_world; mechs:[constraint_reasoning,cross_topic_synthesis,hence_chains]
2026-03-22T18:40:53Z	0.804977	0.801179	-0.003798	discard	mutate [7] skill:FUNC_TRANSFORMâ†’FUNC_QUADRATIC; arch:generalization_from_special_caseâ†’constraint_optimization_chain; style:modellingâ†’applied_real_world; mechs:[constraint_reasoning,cross_topic_synthesis,hence_chains]
2026-03-22T19:06:42Z	0.804977	0.800709	-0.004268	discard	mutate [7] skill:FUNC_TRANSFORMâ†’FUNC_QUADRATIC; arch:generalization_from_special_caseâ†’constraint_optimization_chain; style:modellingâ†’applied_real_world; mechs:[constraint_reasoning,hence_chains,cross_topic_synthesis]
2026-03-22T19:37:56Z	0.804977	0.800703	-0.004274	discard	mutate [7] skill:FUNC_TRANSFORMâ†’FUNC_QUADRATIC; arch:generalization_from_special_caseâ†’constraint_optimization_chain; style:modellingâ†’applied_real_world; mechs:[constraint_reasoning,hence_chains,cross_topic_synthesis]
2026-03-22T19:53:40Z	0.804977	0.800655	-0.004322	discard	mutate [7] skill:FUNC_TRANSFORMâ†’FUNC_QUADRATIC; arch:generalization_from_special_caseâ†’constraint_optimization_chain; style:modellingâ†’applied_real_world; mechs:[constraint_reasoning,cross_topic_synthesis,hence_chains]
2026-03-22T20:26:35Z	0.804977	0.801220	-0.003757	discard	mutate [7] skill:FUNC_TRANSFORMâ†’FUNC_QUADRATIC; arch:generalization_from_special_caseâ†’constraint_optimization_chain; style:modellingâ†’applied_real_world; mechs:[constraint_reasoning,hence_chains,cross_topic_synthesis]
2026-03-22T20:52:51Z	0.804977	0.800917	-0.004060	discard	mutate [7] skill:FUNC_TRANSFORMâ†’FUNC_QUADRATIC; arch:generalization_from_special_caseâ†’constraint_optimization_chain; style:modellingâ†’applied_real_world; mechs:[constraint_reasoning,hence_chains,hidden_structure]
2026-03-22T21:25:21Z	0.804977	0.801363	-0.003614	discard	mutate [7] skill:FUNC_TRANSFORMâ†’FUNC_QUADRATIC; arch:generalization_from_special_caseâ†’constraint_optimization_chain; style:modellingâ†’applied_real_world; mechs:[constraint_reasoning,hence_chains,cross_topic_synthesis]
2026-03-22T21:50:24Z	0.804977	0.801417	-0.003560	discard	mutate [7] skill:FUNC_TRANSFORMâ†’FUNC_QUADRATIC; arch:generalization_from_special_caseâ†’constraint_optimization_chain; style:modellingâ†’applied_real_world; mechs:[constraint_reasoning,cross_topic_synthesis]
2026-03-22T22:02:32Z	0.804977	0.800082	-0.004895	discard	mutate [7] skill:FUNC_TRANSFORMâ†’FUNC_QUADRATIC; arch:generalization_from_special_caseâ†’constraint_optimization_chain; style:modellingâ†’applied_real_world; mechs:[constraint_reasoning,cross_topic_synthesis,hence_chains]
2026-03-22T22:42:10Z	0.804977	0.801284	-0.003693	discard	mutate [7] skill:FUNC_TRANSFORMâ†’FUNC_QUADRATIC; arch:generalization_from_special_caseâ†’constraint_optimization_chain; style:modellingâ†’applied_real_world; mechs:[constraint_reasoning,cross_topic_synthesis,hence_chains]
